hex,nacetyl,deoxyhexose,sialicacid,sulphate,amino,omethyl,oacetyl,pent,phosphate,glyconnect_id,glytoucan_id,mass
3,2,0,0,0,0,0,0,0,0,495,G32550BI,586.2222
3,2,1,0,0,0,0,0,0,0,167,G22355FZ,732.2801
5,3,1,0,0,0,0,0,0,0,717,G22355FZ,1097.4123
4,2,1,0,0,0,0,0,0,0,334,G31685JQ,894.3329
5,2,1,0,0,0,0,0,0,0,740,G74724QE,1056.3857
4,3,1,0,0,0,0,0,0,0,769,G74724QE,935.3595
4,2,0,0,0,0,0,0,0,0,660,G63628AV,748.275
3,2,1,1,0,0,0,0,0,0,324,G63628AV,1023.3755
2,1,0,1,0,0,0,0,0,0,683,G74722FL,674.2382
4,2,2,0,0,0,0,0,0,0,224,G74722FL,1040.3908
4,2,1,1,0,0,0,0,0,0,179,G74722FL,1185.4283
2,1,0,2,0,0,0,0,0,0,461,G81006GJ,965.3336
1,1,0,1,0,0,0,0,0,0,701,G19399OS,512.1854
2,1,0,0,0,0,0,0,0,0,221,G29931IJ,383.1428
1,1,0,0,0,0,0,0,0,0,272,G29931IJ,221.09
4,2,0,2,0,0,0,0,0,0,172,G29931IJ,1330.4658
4,2,0,1,0,0,0,0,0,0,533,G29931IJ,1039.3704
3,2,0,1,0,0,0,0,0,0,635,G29931IJ,877.3176
3,2,1,0,1,0,0,0,0,0,83,G29931IJ,812.2369
3,1,1,0,1,0,0,0,0,0,226,G29931IJ,771.2103
2,1,0,0,1,0,0,0,0,0,462,G29931IJ,463.0996
4,1,2,0,0,1,0,0,0,0,121,G29931IJ,1013.3435
4,2,2,0,1,0,0,0,0,0,465,G29931IJ,1120.3476
4,1,2,0,1,0,0,0,0,0,164,G29931IJ,1079.321
5,2,3,0,1,1,0,0,0,0,243,G29931IJ,1442.4376
3,1,0,0,1,0,0,0,0,0,566,G29931IJ,625.1524
3,2,0,0,1,0,0,0,0,0,339,G29931IJ,666.179
4,1,1,0,1,0,0,0,0,0,707,G29931IJ,933.2631
5,3,3,0,0,0,0,0,0,0,283,G29931IJ,1389.5281
6,3,2,0,0,0,0,0,0,0,357,G29931IJ,1405.523
8,4,0,0,0,0,0,0,0,0,648,G81295CK,1478.5394
5,3,4,0,0,0,0,0,0,0,157,G81295CK,1535.586
6,3,1,0,0,0,0,0,0,0,202,G94854LT,1259.4651
7,4,2,0,0,0,0,0,0,0,138,G51287LK,1608.6024
6,3,3,0,0,0,0,0,0,0,677,G51287LK,1551.5809
5,3,1,1,0,0,0,0,0,0,281,G51287LK,1388.5077
6,3,0,1,0,0,0,0,0,0,388,G47681UP,1404.5026
5,3,2,1,0,0,0,0,0,0,316,G47681UP,1534.5656
6,3,1,1,0,0,0,0,0,0,106,G47681UP,1550.5605
6,3,4,0,0,0,0,0,0,0,355,G47681UP,1697.6388
7,4,1,0,0,0,0,0,0,0,742,G49874UX,1462.5445
6,4,2,0,0,0,0,0,0,0,222,G49874UX,1446.5496
6,4,3,0,0,0,0,0,0,0,747,G49874UX,1592.6075
3,1,2,1,0,0,0,0,0,0,638,G49874UX,1128.4068
3,2,2,1,0,0,0,0,0,0,270,G49874UX,1169.4334
2,2,0,1,0,0,0,0,0,0,654,G49874UX,715.2648
4,3,1,1,0,0,0,0,0,0,679,G49874UX,1226.4549
4,1,0,0,0,0,1,0,0,0,803,G49874UX,721.2641
1,0,0,0,0,0,0,0,0,0,228,G49874UX,180.0634
3,1,0,0,0,0,1,0,0,0,795,G49874UX,559.2113
2,0,0,0,0,0,0,0,0,0,136,G07133YY,342.1162
4,1,0,0,0,0,0,0,0,0,212,G82930TB,707.2484
3,1,0,0,0,0,0,0,0,0,699,G46831QF,545.1956
3,2,0,2,0,0,0,0,0,0,340,G46831QF,1168.413
4,2,1,2,0,0,0,0,0,0,494,G46831QF,1476.5237
5,3,1,0,1,0,0,0,0,0,578,G46831QF,1177.3691
4,2,1,1,1,0,0,0,0,0,67,G46831QF,1265.3851
4,2,0,2,1,0,0,0,0,0,88,G60038ZA,1410.4226
4,2,0,1,1,0,0,0,0,0,317,G60038ZA,1119.3272
3,2,0,1,1,0,0,0,0,0,750,G60038ZA,957.2744
4,2,1,2,1,0,0,0,0,0,335,G60038ZA,1556.4805
4,2,2,1,1,0,0,0,0,0,613,G60038ZA,1411.443
4,2,0,0,1,0,0,0,0,0,745,G60038ZA,828.2318
4,2,1,0,1,0,0,0,0,0,493,G60038ZA,974.2897
5,3,0,1,0,0,0,0,0,0,34,G60038ZA,1242.4498
4,3,0,1,0,0,0,0,0,0,386,G60038ZA,1080.397
6,3,1,2,0,0,0,0,0,0,444,G60038ZA,1841.6559
6,3,2,2,0,0,0,0,0,0,520,G60038ZA,1987.7138
8,4,0,2,0,0,0,0,0,0,163,G18878GO,2060.7302
10,5,0,2,0,0,0,0,0,0,383,G26403SG,2425.8624
12,6,0,2,0,0,0,0,0,0,714,G37881RL,2790.9946
6,3,0,2,0,0,0,0,0,0,146,G37881RL,1695.598
5,3,2,0,0,0,0,0,0,0,156,G37881RL,1243.4702
3,2,2,0,0,0,0,0,0,0,702,G37881RL,878.338
2,2,0,0,0,0,0,0,0,0,541,G71838YU,424.1694
4,3,2,0,0,0,0,0,0,0,359,G71838YU,1081.4174
5,3,0,0,0,0,0,0,0,0,443,G71838YU,951.3544
4,3,0,0,0,0,0,0,0,0,14,G60554YG,789.3016
2,1,1,0,0,0,0,0,0,0,3,G76163CP,529.2007
4,2,3,0,0,0,0,0,0,0,746,G76163CP,1186.4487
6,3,0,0,0,0,0,0,0,0,574,G60145BJ,1113.4072
5,4,1,0,0,0,0,0,0,0,169,G60145BJ,1138.4389
3,3,0,0,0,0,0,0,0,0,36,G60145BJ,627.2488
5,1,0,0,0,0,0,0,0,0,705,G59986YN,869.3012
9,5,3,0,0,0,0,0,0,0,509,G63381RX,2119.7925
6,4,1,0,0,0,0,0,0,0,341,G63381RX,1300.4917
18,11,4,0,0,0,0,0,0,0,114,G75132WH,3970.4852
11,6,3,0,0,0,0,0,0,0,694,G12728EY,2484.9247
8,5,2,0,0,0,0,0,0,0,380,G82053YT,1811.6818
8,4,3,0,0,0,0,0,0,0,751,G47448YK,1916.7131
10,5,3,0,0,0,0,0,0,0,453,G22625SJ,2281.8453
12,7,3,0,0,0,0,0,0,0,180,G70110VK,2688.0041
13,8,3,0,0,0,0,0,0,0,176,G93450DV,2891.0835
10,6,3,0,0,0,0,0,0,0,152,G34558ED,2322.8719
15,9,3,0,0,0,0,0,0,0,128,G12709VH,3256.2157
16,9,4,0,0,0,0,0,0,0,475,G98748DG,3564.3264
5,5,2,0,0,0,0,0,0,0,455,G98748DG,1325.5234
5,5,0,0,0,0,0,0,0,0,162,G98748DG,1033.4076
4,4,1,0,0,0,0,0,0,0,182,G98748DG,976.3861
7,7,2,0,0,0,0,0,0,0,753,G98748DG,1731.6822
5,5,1,0,0,0,0,0,0,0,511,G98748DG,1179.4655
5,2,2,0,0,0,0,0,0,0,141,G64162JC,1202.4436
3,0,2,0,0,0,0,0,0,0,668,G64162JC,796.2848
3,1,1,0,0,0,0,0,0,0,467,G11787ET,691.2535
3,1,2,0,0,0,0,0,0,0,492,G11787ET,837.3114
2,0,2,0,0,0,0,0,0,0,476,G11787ET,634.232
4,4,0,0,0,0,0,0,0,0,537,G11787ET,830.3282
1,1,1,0,0,0,0,0,0,0,43,G11787ET,367.1479
3,3,1,0,0,0,0,0,0,0,280,G11787ET,773.3067
2,2,0,0,1,0,0,0,0,0,326,G11787ET,504.1262
4,3,0,0,1,0,0,0,0,0,148,G11787ET,869.2584
4,3,1,0,1,0,0,0,0,0,437,G11787ET,1015.3163
5,3,0,0,1,0,0,0,0,0,201,G11787ET,1031.3112
3,3,0,0,1,0,0,0,0,0,111,G11787ET,707.2056
1,1,0,0,1,0,0,0,0,0,379,G11787ET,301.0468
5,2,0,0,0,0,0,0,0,0,507,G14669DU,910.3278
10,5,0,1,3,0,0,0,0,0,711,G65895WS,2374.6374
8,4,0,0,2,0,0,0,0,0,721,G35235JV,1638.453
12,6,0,1,4,0,0,0,0,0,407,G22390HK,2819.7264
10,5,0,0,3,0,0,0,0,0,266,G55388KB,2083.542
8,4,0,1,3,0,0,0,0,0,532,G67362RV,2009.5052
6,3,0,1,1,0,0,0,0,0,285,G47910AZ,1484.4594
10,5,0,1,2,0,0,0,0,0,650,G65803RU,2294.6806
6,3,0,0,1,0,0,0,0,0,715,G99125HS,1193.364
12,6,0,0,4,0,0,0,0,0,589,G84220KD,2528.631
8,4,0,1,2,0,0,0,0,0,278,G31688JN,1929.5484
12,6,0,1,3,0,0,0,0,0,850,G47759KR,2739.7696
4,1,0,0,1,1,0,0,0,0,307,G47759KR,801.1845
5,1,2,0,1,1,0,0,0,0,399,G47759KR,1255.3531
5,1,1,0,1,1,0,0,0,0,562,G47759KR,1109.2952
4,1,1,0,1,1,0,0,0,0,619,G47759KR,947.2424
4,2,2,0,2,0,0,0,0,0,514,G47759KR,1200.3044
6,3,0,2,1,0,0,0,0,0,12,G47759KR,1775.5548
5,3,0,2,0,0,0,0,0,0,771,G47759KR,1533.5452
6,4,0,0,0,0,0,0,0,0,657,G47759KR,1154.4338
3,2,1,2,0,0,0,0,0,0,655,G47759KR,1314.4709
3,2,1,1,1,0,0,0,0,0,543,G47759KR,1103.3323
8,4,2,1,0,0,0,0,0,0,685,G46524LG,2061.7506
8,4,1,0,0,0,0,0,0,0,350,G46687AB,1624.5973
8,4,0,1,0,0,0,0,0,0,547,G31916IQ,1769.6348
8,4,3,1,0,0,0,0,0,0,337,G25278BX,2207.8085
5,2,0,1,0,0,0,0,0,0,63,G15531AF,1201.4232
9,4,3,0,0,0,0,0,0,0,110,G25451PN,2078.7659
5,2,1,1,0,0,0,0,0,0,332,G88779RV,1347.4811
8,4,2,0,0,0,0,0,0,0,213,G74430RZ,1770.6552
6,3,2,1,0,0,0,0,0,0,756,G74430RZ,1696.6184
6,2,2,0,0,0,0,0,0,0,216,G73361JJ,1364.4964
11,5,0,3,0,0,0,0,0,0,330,G47518TP,2879.0106
11,5,1,3,0,0,0,0,0,0,627,G15169WU,3025.0685
8,5,1,0,0,0,0,0,0,0,538,G10256JP,1665.6239
9,5,2,0,0,0,0,0,0,0,37,G70418MS,1973.7346
2,1,1,1,0,0,0,0,0,0,378,G70418MS,820.2961
6,4,1,1,0,0,0,0,0,0,177,G70418MS,1591.5871
4,2,2,1,0,0,0,0,0,0,681,G47256GA,1331.4862
13,5,2,0,0,0,0,0,0,0,188,G21153FA,2621.9458
13,5,3,0,0,0,0,0,0,0,244,G40142JY,2768.0037
13,5,2,1,0,0,0,0,0,0,366,G63760GT,2913.0412
6,1,0,0,0,0,0,0,0,0,158,G60232GL,1031.354
2,0,1,0,0,0,0,0,0,0,420,G60232GL,488.1741
3,0,2,0,0,1,0,0,0,0,680,G60232GL,810.2641
3,0,1,0,0,1,0,0,0,0,183,G60232GL,664.2062
6,2,0,1,0,0,0,0,0,0,545,G91331SN,1363.476
7,3,0,1,0,0,0,0,0,0,32,G72291OX,1566.5554
9,6,1,0,0,0,0,0,0,0,192,G50757KG,1868.7033
8,5,0,2,0,0,0,0,0,0,66,G54567CI,2101.7568
9,6,0,0,0,0,0,0,0,0,551,G14260UH,1722.6454
7,5,0,0,0,0,0,0,0,0,329,G14260UH,1357.5132
6,4,0,1,0,0,0,0,0,0,540,G14260UH,1445.5292
8,5,1,1,0,0,0,0,0,0,84,G85228QD,1956.7193
6,4,1,2,0,0,0,0,0,0,497,G85228QD,1882.6825
8,5,0,0,0,0,0,0,0,0,749,G31936TA,1519.566
9,6,1,2,0,0,0,0,0,0,624,G26915XM,2450.8941
2,1,0,2,0,0,0,1,0,0,784,G26915XM,1007.3442
2,1,0,2,0,0,0,2,0,0,785,G26915XM,1049.3548
2,1,0,1,0,0,0,1,0,0,782,G26915XM,716.2488
9,4,0,2,0,0,0,0,0,0,712,G48414YA,2222.783
9,4,1,1,0,0,0,0,0,0,676,G84452RH,2077.7455
9,4,1,2,0,0,0,0,0,0,448,G22310AV,2368.8409
9,4,0,1,0,0,0,0,0,0,393,G06356OH,1931.6876
8,4,1,1,0,0,0,0,0,0,173,G14994KB,1915.6927
2,2,0,1,1,0,0,0,0,0,743,G14994KB,795.2216
5,3,1,1,1,0,0,0,0,0,387,G14994KB,1468.4645
5,3,0,1,1,0,0,0,0,0,107,G14994KB,1322.4066
4,3,1,1,1,0,0,0,0,0,612,G14994KB,1306.4117
2,1,0,1,1,0,0,0,0,0,616,G14994KB,754.195
3,1,0,1,0,0,0,0,0,0,276,G49644CL,836.291
4,0,2,0,0,0,0,0,0,0,473,G08158TI,958.3376
4,2,0,0,0,1,0,0,0,0,119,G08158TI,762.2543
3,1,0,0,0,1,0,0,0,0,48,G08158TI,559.1749
5,3,1,0,0,1,0,0,0,0,57,G08158TI,1111.3916
7,5,2,0,0,0,0,0,0,0,44,G08158TI,1649.629
5,3,0,0,0,1,0,0,0,0,297,G08158TI,965.3337
3,2,0,2,1,0,0,0,0,0,496,G08158TI,1248.3698
6,2,1,1,0,0,0,0,0,0,175,G13661VV,1509.5339
6,2,1,0,0,0,0,0,0,0,345,G00406II,1218.4385
10,4,0,0,0,0,0,0,0,0,600,G65092SV,1802.645
7,3,0,0,0,0,0,0,0,0,452,G23453IV,1275.46
5,3,2,0,1,0,0,0,0,0,71,G23453IV,1323.427
7,4,0,0,0,0,0,0,0,0,500,G23453IV,1316.4866
7,4,0,3,0,0,0,0,0,0,401,G36447PT,2189.7728
5,3,0,3,0,0,0,0,0,0,552,G36447PT,1824.6406
4,3,0,2,0,0,0,0,0,0,719,G36447PT,1371.4924
6,3,3,1,0,0,0,0,0,0,770,G36447PT,1842.6763
1,0,0,1,0,0,0,0,0,0,117,G36447PT,471.1588
3,0,0,0,0,0,0,0,0,0,234,G99375FM,504.169
11,5,1,1,0,0,0,0,0,0,395,G81263BG,2442.8777
9,4,1,0,0,0,0,0,0,0,205,G23863VK,1786.6501
11,5,1,0,0,0,0,0,0,0,583,G72797UR,2151.7823
11,5,1,2,0,0,0,0,0,0,127,G11629QQ,2733.9731
10,5,1,2,0,0,0,0,0,0,678,G91473PK,2571.9203
10,5,1,1,0,0,0,0,0,0,439,G02030ZB,2280.8249
10,5,1,0,0,0,0,0,0,0,35,G91636VS,1989.7295
0,0,1,0,0,0,0,0,0,0,597,G91636VS,164.0685
6,3,1,0,1,0,0,0,0,0,445,G91636VS,1339.4219
29,0,31,0,0,0,1,0,0,0,900,G91636VS,9259.3524
28,0,30,0,0,0,1,0,0,0,899,G91636VS,8951.2417
12,6,0,0,0,0,0,0,0,0,10,G78790NZ,2208.8038
10,5,0,0,0,0,0,0,0,0,277,G79568CQ,1843.6716
9,4,0,4,0,0,0,0,0,0,143,G57173NZ,2804.9738
9,4,0,3,0,0,0,0,0,0,60,G28916LJ,2513.8784
1,0,1,0,0,0,0,0,0,0,586,G28916LJ,326.1213
1,0,0,0,0,0,0,0,1,0,91,G28916LJ,312.1057
1,0,0,0,0,0,0,0,2,0,147,G28916LJ,444.148
1,1,0,0,0,0,0,0,0,1,776,G28916LJ,301.0563
11,2,0,0,0,0,0,0,0,0,649,G70101JE,1882.6446
10,6,0,5,0,0,0,0,0,0,275,G70422GF,3340.1752
8,5,0,4,0,0,0,0,0,0,633,G62402DP,2683.9476
8,5,0,5,0,0,0,0,0,0,408,G08486KQ,2975.043
6,4,0,3,0,0,0,0,0,0,602,G08486KQ,2027.72
6,4,0,4,0,0,0,0,0,0,744,G08486KQ,2318.8154
10,0,0,0,0,0,0,0,0,2,1374,G08486KQ,1798.4712
4,0,0,0,0,0,0,0,0,0,132,G69791DF,666.2218
6,0,0,0,0,0,0,0,0,2,1376,G69791DF,1150.26
6,0,0,0,0,0,0,0,0,0,184,G19275UG,990.3274
7,0,0,0,0,0,0,0,0,2,1377,G19275UG,1312.3128
8,0,0,0,0,0,0,0,0,2,1378,G19275UG,1474.3656
1,0,0,0,0,0,0,0,0,1,780,G19275UG,260.0297
5,0,0,0,0,0,0,0,0,2,1379,G19275UG,988.2072
11,0,0,0,0,0,0,0,0,2,1386,G19275UG,1960.524
5,0,0,0,0,0,0,0,0,0,732,G12733WO,828.2746
9,0,0,0,0,0,0,0,0,2,1373,G12733WO,1636.4184
12,0,0,0,0,0,0,0,0,2,1372,G12733WO,2122.5768
2,0,0,1,0,0,0,0,0,0,255,G17756LB,633.2116
1,0,0,1,0,0,0,0,1,0,556,G17756LB,603.2011
14,7,4,0,0,0,0,0,0,0,429,G16136DL,3158.1676
128,65,31,0,60,0,0,0,0,0,903,G16136DL,32752.7009
1,0,0,0,0,1,0,0,0,0,642,G16136DL,194.0427
0,0,0,0,0,0,0,0,1,0,52,G04045FF,150.0529
4,1,1,0,0,0,0,0,0,0,569,G05897GU,853.3063
2,0,0,0,0,1,0,0,0,0,640,G05897GU,356.0955
4,2,1,0,0,0,0,0,1,0,1,G05897GU,1026.3752
3,2,1,0,0,0,0,0,1,0,464,G05897GU,864.3224
3,2,0,0,0,0,0,0,1,0,704,G05897GU,718.2645
5,2,1,0,0,0,0,0,1,0,457,G05897GU,1188.428
7,3,2,0,0,0,0,0,1,0,451,G05897GU,1699.6181
9,4,3,0,0,0,0,0,1,0,531,G05897GU,2210.8082
9,6,2,0,0,0,0,0,0,0,688,G82592ZH,2014.7612
5,2,0,0,0,0,0,0,1,0,142,G82592ZH,1042.3701
6,3,1,0,0,0,0,0,1,0,74,G82592ZH,1391.5074
4,2,0,0,0,0,0,0,1,0,225,G82592ZH,880.3173
8,3,0,0,0,0,0,0,1,0,710,G82592ZH,1569.5551
6,3,0,0,0,0,0,0,1,0,358,G82592ZH,1245.4495
7,3,0,0,0,0,0,0,1,0,159,G82592ZH,1407.5023
7,2,0,0,0,0,0,0,0,0,11,G06110VR,1234.4334
8,2,0,0,0,0,0,0,0,0,603,G39188ZX,1396.4862
9,2,0,0,0,0,0,0,0,0,695,G05724UK,1558.539
7,4,0,0,0,0,0,0,1,0,139,G05724UK,1448.5289
12,2,0,0,0,0,0,0,0,0,653,G05724UK,2044.6974
10,2,0,0,0,0,0,0,0,0,691,G64527OM,1720.5918
9,5,0,1,0,0,0,0,0,0,170,G24835MQ,1972.7142
9,3,0,1,0,0,0,0,0,0,89,G23294PN,1890.661
7,4,0,1,0,0,0,0,0,0,64,G23294PN,1607.582
9,5,1,1,0,0,0,0,0,0,489,G72667IM,2118.7721
8,3,0,1,0,0,0,0,0,0,628,G82463GQ,1728.6082
9,6,0,1,0,0,0,0,0,0,666,G92654OJ,2013.7408
9,6,2,1,0,0,0,0,0,0,232,G02628JF,2305.8566
9,5,1,2,0,0,0,0,0,0,181,G81198YO,2409.8675
9,5,2,1,0,0,0,0,0,0,466,G95977AE,2264.83
9,6,1,1,0,0,0,0,0,0,368,G08110WX,2159.7987
13,7,1,0,0,0,0,0,0,0,300,G25379SA,2557.9411
13,8,1,0,0,0,0,0,0,0,338,G86234IN,2598.9677
10,7,1,0,0,0,0,0,0,0,716,G32332VU,2071.7827
11,7,1,0,0,0,0,0,0,0,206,G93683YO,2233.8355
9,5,0,0,0,0,0,0,0,0,318,G23432EQ,1681.6188
11,6,1,0,0,0,0,0,0,0,250,G89098OM,2192.8089
13,9,1,0,0,0,0,0,0,0,348,G52358QA,2639.9943
11,8,1,0,0,0,0,0,0,0,718,G96416FQ,2274.8621
10,6,1,0,0,0,0,0,0,0,303,G51640FO,2030.7561
9,5,1,0,0,0,0,0,0,0,637,G03382KH,1827.6767
12,6,3,3,0,0,0,0,0,0,149,G35107SO,3520.2637
13,6,1,4,0,0,0,0,0,0,271,G69834CE,3681.2961
11,5,0,2,0,0,0,0,0,0,427,G52527GH,2587.9152
13,6,0,4,0,0,0,0,0,0,40,G66088HZ,3535.2382
9,6,1,0,2,0,0,0,0,0,30,G87932HN,2028.6169
9,6,0,0,2,0,0,0,0,0,246,G57196QI,1882.559
9,4,2,0,0,0,0,0,0,0,353,G44215PV,1932.708
9,4,2,1,0,0,0,0,0,0,186,G75983OB,2223.8034
8,4,2,0,0,0,0,0,1,0,647,G75983OB,1902.6975
7,4,1,0,0,0,0,0,1,0,459,G75983OB,1594.5868
4,1,0,0,0,0,0,0,1,0,77,G75983OB,839.2907
5,1,1,0,0,0,0,0,1,0,165,G75983OB,1147.4014
11,5,0,1,0,0,0,0,0,0,122,G59536GA,2296.8198
11,5,0,4,0,0,0,0,0,0,428,G66951WQ,3170.106
8,4,1,0,0,0,0,0,1,0,6,G66951WQ,1756.6396
8,4,1,0,0,0,1,0,1,0,816,G66951WQ,1770.6553
11,6,0,0,0,0,2,0,1,0,836,G66951WQ,2206.8247
11,6,2,0,0,0,0,0,1,0,599,G66951WQ,2470.9091
8,4,0,0,0,0,1,0,1,0,813,G66951WQ,1624.5974
11,6,1,0,0,0,1,0,1,0,837,G66951WQ,2338.8669
8,4,0,0,0,0,2,0,1,0,814,G66951WQ,1638.6131
6,2,0,0,0,0,0,0,1,0,217,G66951WQ,1204.4229
6,2,0,0,0,0,0,0,0,0,652,G66538GV,1072.3806
9,4,1,2,1,0,0,0,0,0,207,G41917DR,2448.7977
9,4,1,1,1,0,0,0,0,0,608,G98846QS,2157.7023
9,4,0,0,1,0,0,0,0,0,144,G83545KK,1720.549
9,5,0,1,1,0,0,0,0,0,86,G46422KL,2052.671
8,4,1,0,1,0,0,0,0,0,512,G06816RN,1704.5541
7,4,0,0,1,0,0,0,0,0,342,G06816RN,1396.4434
8,4,0,0,1,0,0,0,0,0,741,G53572WH,1558.4962
9,5,0,0,1,0,0,0,0,0,535,G56345UO,1761.5756
8,5,0,0,1,0,0,0,0,0,630,G40671AG,1599.5228
6,3,1,0,0,0,0,0,3,0,237,G40671AG,1655.592
6,3,1,0,0,0,0,0,2,0,129,G40671AG,1523.5497
7,4,1,0,0,0,0,0,2,0,365,G40671AG,1726.6291
7,4,1,0,0,0,0,0,3,0,736,G40671AG,1858.6714
7,4,3,0,0,0,0,0,1,0,39,G40671AG,1886.7026
7,4,2,0,0,0,0,0,2,0,242,G40671AG,1872.687
6,3,3,0,0,0,0,0,1,0,530,G40671AG,1683.6232
6,3,2,0,0,0,0,0,2,0,730,G40671AG,1669.6076
6,3,2,0,0,0,0,0,1,0,575,G40671AG,1537.5653
7,4,2,0,0,0,0,0,1,0,502,G40671AG,1740.6447
9,6,0,0,1,0,0,0,0,0,293,G32673DL,1802.6022
9,4,1,0,1,0,0,0,0,0,450,G64327YL,1866.6069
9,6,1,0,1,0,0,0,0,0,55,G13441ZL,1948.6601
7,3,1,1,0,0,0,0,0,0,286,G11870QZ,1712.6133
11,6,1,3,0,0,0,0,0,0,336,G54740VA,3066.0951
12,6,1,3,0,0,0,0,0,0,288,G62461SM,3228.1479
16,6,0,0,0,0,7,0,1,0,878,G62461SM,3087.1672
16,6,1,0,0,0,7,0,1,0,879,G62461SM,3233.2251
11,4,1,0,0,0,4,0,1,0,862,G62461SM,2298.8608
9,4,0,0,0,0,2,0,1,0,824,G62461SM,1800.6659
9,4,1,0,0,0,2,0,1,0,833,G62461SM,1946.7238
15,6,0,0,0,0,6,0,1,0,872,G62461SM,2911.0987
14,6,1,0,0,0,5,0,1,0,869,G62461SM,2881.0881
11,4,0,0,0,0,4,0,0,0,860,G62461SM,2020.7606
10,4,1,0,0,0,3,0,1,0,844,G62461SM,2122.7923
10,4,0,0,0,0,3,0,1,0,843,G62461SM,1976.7344
11,4,0,0,0,0,4,0,1,0,861,G62461SM,2152.8029
15,6,1,0,0,0,6,0,1,0,873,G62461SM,3057.1566
10,4,0,0,0,0,3,0,0,0,842,G62461SM,1844.6921
9,4,0,0,0,0,0,0,0,0,9,G50045TK,1640.5922
11,5,0,0,0,0,0,0,0,0,240,G20425TQ,2005.7244
12,6,1,2,0,0,0,0,0,0,454,G57888GL,2937.0525
13,6,0,3,1,0,0,0,0,0,100,G23092XT,3324.0996
11,5,0,1,1,0,0,0,0,0,31,G09285QR,2376.7766
17,10,1,4,0,0,0,0,0,0,236,G67596QA,4493.6137
9,5,1,1,1,0,0,0,0,0,333,G28975ZZ,2198.7289
16,9,1,4,0,0,0,0,0,0,233,G16265OF,4290.5343
9,4,0,1,1,0,0,0,0,0,287,G82233NS,2011.6444
9,4,1,0,0,0,0,0,1,0,645,G82233NS,1918.6924
7,3,1,0,0,0,0,0,1,0,513,G82233NS,1553.5602
7,1,0,0,0,0,0,0,0,0,759,G50738IZ,1193.4068
9,1,0,0,0,0,0,0,0,0,674,G55394YE,1517.5124
8,1,0,0,0,0,0,0,0,0,670,G18022IK,1355.4596
10,5,0,1,0,0,0,0,0,0,720,G66760KM,2134.767
14,7,1,0,0,0,0,0,0,0,470,G45883VE,2719.9939
12,6,1,0,0,0,0,0,0,0,209,G70375MX,2354.8617
13,6,1,0,0,0,0,0,0,0,377,G90093AU,2516.9145
9,3,0,0,0,0,0,0,0,0,558,G72735IY,1599.5656
8,4,2,0,1,0,0,0,0,0,817,G97229JI,1850.612
8,4,4,0,1,0,0,0,0,0,819,G45437MK,2142.7278
8,4,3,0,1,0,0,0,0,0,818,G19461LU,1996.6699
10,4,1,1,0,0,0,0,0,0,123,G82830MN,2239.7983
9,5,0,2,0,0,0,0,0,0,534,G54612UD,2263.8096
10,6,0,2,0,0,0,0,0,0,763,G83951ZY,2466.889
15,7,1,4,0,0,0,0,0,0,372,G57581QG,4046.4283
13,6,1,3,0,0,0,0,0,0,468,G39595FH,3390.2007
19,9,1,4,0,0,0,0,0,0,508,G39595FH,4776.6927
17,8,1,4,0,0,0,0,0,0,440,G91152KU,4411.5605
9,4,0,2,0,0,0,1,0,0,827,G32169KA,2264.7936
9,4,0,2,0,0,0,2,0,0,774,G90665LO,2306.8042
8,4,1,1,1,0,0,0,0,0,62,G40221NN,1995.6495
10,4,1,1,1,0,0,0,0,0,16,G25140YL,2319.7551
7,3,1,0,0,0,0,0,0,0,713,G29880MM,1421.5179
17,8,1,0,0,0,0,0,0,0,196,G70894RY,3247.1789
15,7,1,0,0,0,0,0,0,0,486,G31544HA,2882.0467
13,6,0,1,0,0,0,0,0,0,223,G41882MT,2661.952
13,6,0,0,0,0,0,0,0,0,113,G47012YE,2370.8566
13,2,0,0,0,0,0,0,0,0,174,G47012YE,2206.7502
14,2,0,0,0,0,0,0,0,0,81,G47012YE,2368.803
13,7,1,4,0,0,0,0,0,0,554,G37570AP,3722.3227
9,6,3,0,0,0,0,0,0,0,367,G56284ZY,2160.8191
15,7,1,3,0,0,0,0,0,0,384,G48488CO,3755.3329
17,8,1,3,0,0,0,0,0,0,301,G16208YZ,4120.4651
13,6,1,2,0,0,0,0,0,0,273,G64394MX,3099.1053
11,5,1,3,0,0,0,1,0,0,846,G94974XB,3067.0791
13,6,1,4,0,0,0,1,0,0,864,G98259QP,3723.3067
9,3,1,1,0,0,0,0,0,0,370,G10773YW,2036.7189
8,3,1,1,0,0,0,0,0,0,331,G34730YF,1874.6661
37,18,0,2,0,0,0,0,0,0,888,G34730YF,7334.6338
38,19,0,1,0,0,0,0,0,0,894,G34730YF,7246.6178
38,19,1,1,0,0,0,0,0,0,897,G34730YF,7392.6757
38,19,0,2,0,0,0,0,0,0,895,G34730YF,7537.7132
37,18,1,2,0,0,0,0,0,0,891,G34730YF,7480.6917
38,19,1,2,0,0,0,0,0,0,898,G34730YF,7683.7711
37,18,0,0,0,0,0,0,0,0,886,G34730YF,6752.443
38,19,1,0,0,0,0,0,0,0,896,G34730YF,7101.5803
38,19,0,0,0,0,0,0,0,0,892,G34730YF,6955.5224
37,18,0,1,0,0,0,0,0,0,887,G34730YF,7043.5384
37,18,1,0,0,0,0,0,0,0,889,G34730YF,6898.5009
37,18,1,1,0,0,0,0,0,0,890,G34730YF,7189.5963
8,3,0,0,0,0,0,0,0,0,506,G33609NS,1437.5128
8,3,1,0,0,0,0,0,0,0,161,G82119TF,1583.5707
13,6,1,1,0,0,0,0,0,0,567,G34617SM,2808.0099
15,7,1,2,0,0,0,0,0,0,371,G72886NH,3464.2375
15,7,1,1,0,0,0,0,0,0,50,G58598BO,3173.1421
12,5,1,0,0,0,0,0,0,0,689,G52589SM,2313.8351
12,5,1,1,0,0,0,0,0,0,231,G13728QT,2604.9305
13,5,1,0,0,0,0,0,0,0,690,G81375TC,2475.8879
10,4,1,0,0,0,0,0,0,0,252,G46902YN,1948.7029
11,4,1,0,0,0,0,0,0,0,421,G66621EA,2110.7557
13,5,1,1,0,0,0,0,0,0,241,G17276XO,2766.9833
14,5,1,0,0,0,0,0,0,0,634,G61053JL,2637.9407
9,4,1,3,0,0,0,0,0,0,289,G68796US,2659.9363
8,2,0,0,0,0,0,0,0,1,840,G93180LE,1476.4525
9,2,0,0,0,0,0,0,0,1,852,G14889BN,1638.5053
9,3,0,0,0,0,0,0,0,1,841,G23869AA,1679.5319
2,1,1,0,0,0,2,0,0,0,787,G23869AA,557.2321
2,1,1,0,0,0,1,0,0,0,786,G23869AA,543.2164
15,2,0,0,0,0,0,0,0,0,528,G23869AA,2530.8558
10,7,1,0,1,0,0,0,0,0,577,G69946AU,2151.7395
10,6,1,1,1,0,0,0,0,0,661,G20014JD,2401.8083
8,5,1,0,1,0,0,0,0,0,322,G37246US,1745.5807
10,7,0,0,1,0,0,0,0,0,204,G70752JY,2005.6816
10,6,0,1,1,0,0,0,0,0,369,G03824ER,2255.7504
16,6,1,0,0,0,0,0,0,0,302,G03824ER,3003.0729
15,6,1,0,0,0,0,0,0,0,295,G53729WJ,2841.0201
14,6,1,0,0,0,0,0,0,0,390,G11243PG,2678.9673
11,4,0,0,0,0,0,0,0,0,698,G76613WN,1964.6978
11,5,2,0,0,0,0,0,0,0,94,G66163OV,2297.8402
17,8,0,0,0,0,0,0,0,0,580,G19972YZ,3101.121
15,7,0,0,0,0,0,0,0,0,725,G77582RK,2735.9888
7,2,1,0,0,0,0,0,0,0,773,G25637MV,1380.4913
9,3,1,0,0,0,0,0,0,0,762,G84820NF,1745.6235
11,4,0,1,0,0,0,0,0,0,259,G86226EA,2255.7932
11,4,0,2,0,0,0,0,0,0,24,G47196YN,2546.8886
9,4,2,2,0,0,0,0,0,0,515,G56784JY,2514.8988
2,2,2,0,0,0,0,0,0,0,682,G56784JY,716.2852
1,1,2,0,0,0,0,0,0,0,631,G56784JY,513.2058
2,2,1,0,0,0,0,0,0,0,178,G56784JY,570.2273
7,4,3,0,0,0,0,0,0,0,325,G21643DJ,1754.6603
13,6,0,2,0,0,0,0,0,0,615,G93656SY,2953.0474
7,3,1,0,1,0,0,0,0,0,573,G33022UX,1501.4747
12,5,0,1,0,0,0,0,0,0,26,G39891VF,2458.8726
10,4,0,1,0,0,0,0,0,0,433,G25418HZ,2093.7404
14,6,1,1,0,0,0,0,0,0,572,G52114WE,2970.0627
14,6,0,1,0,0,0,0,0,0,210,G49084LP,2824.0048
11,8,0,0,0,0,0,0,0,0,438,G26759AS,2128.8042
10,7,0,0,0,0,0,0,0,0,446,G72398FA,1925.7248
11,7,0,0,0,0,0,0,0,0,570,G66766XF,2087.7776
13,7,0,0,0,0,0,0,0,0,621,G75607BQ,2411.8832
10,3,0,0,0,0,0,0,0,0,364,G12849CJ,1761.6184
10,3,1,0,0,0,0,0,0,0,672,G03842KQ,1907.6763
11,6,0,0,0,0,0,0,0,0,598,G39619TI,2046.751
13,8,0,0,0,0,0,0,0,0,82,G76329HL,2452.9098
10,5,2,0,0,0,0,0,0,0,639,G70822IO,2135.7874
9,5,1,0,1,0,0,0,0,0,752,G49278EO,1907.6335
7,4,1,0,1,0,0,0,0,0,651,G75155SG,1542.5013
9,5,2,0,1,0,0,0,0,0,112,G17739US,2053.6914
17,2,0,0,0,0,0,0,0,0,560,G90335NR,2854.9614
16,2,0,0,0,0,0,0,0,0,669,G90335NR,2692.9086
16,2,0,0,0,0,0,0,0,1,885,G90335NR,2772.8749
7,3,2,0,0,0,0,0,0,0,160,G55383ZG,1567.5758
11,6,0,1,0,0,0,0,0,0,435,G35305EF,2337.8464
13,6,0,3,0,0,0,0,0,0,155,G12793SR,3244.1428
12,6,0,1,0,0,0,0,0,0,392,G02315DX,2499.8992
12,6,0,3,0,0,0,0,0,0,59,G13694XX,3082.09
10,6,0,0,0,0,0,0,0,0,53,G48584BU,1884.6982
10,6,0,1,0,0,0,0,0,0,483,G99966GV,2175.7936
5,2,0,0,0,0,0,0,0,1,804,G99966GV,990.2941
21,10,0,0,0,0,0,0,0,0,748,G99966GV,3831.3854
19,9,0,0,0,0,0,0,0,0,75,G10039CR,3466.2532
19,9,1,0,0,0,0,0,0,0,346,G10039CR,3612.3111
21,10,1,0,0,0,0,0,0,0,546,G10039CR,3977.4433
3,0,0,1,1,1,0,0,1,0,436,G10039CR,1021.2428
3,0,0,0,1,1,0,0,1,0,611,G10039CR,730.1474
7,4,0,2,0,0,0,0,0,0,343,G10039CR,1898.6774
10,1,0,0,0,0,0,0,0,0,709,G47122SX,1679.5652
11,1,0,0,0,0,0,0,0,0,706,G47122SX,1841.618
11,5,0,5,0,0,0,0,0,0,73,G26864OJ,3461.2014
9,4,2,0,0,0,0,0,1,0,8,G26864OJ,2064.7503
13,6,0,5,0,0,0,0,0,0,559,G00776MW,3826.3336
8,4,0,0,0,0,0,0,1,0,214,G00776MW,1610.5817
7,4,1,1,0,0,0,0,0,0,328,G80333GO,1753.6399
10,4,2,0,0,0,0,0,0,0,304,G80223IX,2094.7608
0,0,0,2,0,0,0,0,0,0,409,G80223IX,600.2014
10,4,0,2,0,0,0,0,0,0,118,G86500WE,2384.8358
10,4,0,3,0,0,0,0,0,0,659,G69073PY,2675.9312
8,3,0,2,0,0,0,0,0,0,347,G44748WB,2019.7036
14,6,0,2,0,0,0,0,0,0,607,G60723UL,3115.1002
12,5,0,3,0,0,0,0,0,0,521,G18618EA,3041.0634
14,6,0,3,0,0,0,0,0,0,153,G83853UX,3406.1956
12,5,0,2,0,0,0,0,0,0,256,G35294LF,2749.968
7,3,0,2,0,0,0,0,0,0,211,G08919AM,1857.6508
11,5,1,3,1,0,0,0,0,0,847,G85618VM,3105.0253
11,5,1,3,2,0,0,0,0,0,848,G01629KW,3184.9821
12,5,1,2,1,0,0,0,0,0,863,G27696FL,2975.9827
12,5,1,2,0,0,0,0,0,0,28,G92081HT,2896.0259
5,2,0,2,0,0,0,0,0,0,349,G78355JG,1492.5186
2,0,0,0,1,0,0,0,0,0,27,G78355JG,422.073
2,0,0,1,0,0,0,1,0,0,792,G78355JG,675.2222
6,2,1,2,0,0,0,0,0,0,504,G10508JF,1800.6293
6,2,2,1,0,0,0,0,0,0,684,G73372SB,1655.5918
8,3,2,1,0,0,0,0,0,0,265,G71569SN,2020.724
3,1,1,1,0,0,0,0,0,0,38,G71569SN,982.3489
12,5,0,4,0,0,0,0,0,0,257,G24859TW,3332.1588
6,2,4,0,0,0,0,0,0,0,220,G60543KZ,1656.6122
8,2,2,0,0,0,0,0,0,0,306,G23826RL,1688.602
5,1,1,0,0,0,0,0,0,0,460,G20593DD,1015.3591
4,1,2,0,0,0,0,0,0,0,78,G23581QL,999.3642
2,1,0,3,0,0,0,0,0,0,308,G23581QL,1256.429
12,9,1,0,0,0,0,0,0,0,166,G78502KD,2477.9415
10,3,1,0,0,0,0,0,0,1,857,G60723SV,1987.6426
9,2,0,0,0,0,0,0,0,2,853,G97183VL,1718.4716
10,3,0,1,0,0,0,0,0,1,856,G61138BO,2132.6801
10,3,0,0,0,0,0,0,0,1,855,G33282QL,1841.5847
10,3,1,1,0,0,0,0,0,1,858,G61962FK,2278.738
7,2,0,0,0,0,0,0,0,1,822,G90448RI,1314.3997
10,5,1,0,1,1,0,0,0,0,431,G90448RI,2083.6656
11,6,1,2,0,0,0,0,0,0,404,G87015RU,2774.9997
5,1,2,0,0,0,0,0,0,0,501,G56344DH,1161.417
3,0,1,0,0,0,0,0,0,0,22,G45652AG,650.2269
15,6,5,0,0,0,0,0,0,0,703,G20577LS,3425.2517
10,4,3,0,0,0,0,0,0,0,693,G60177UT,2240.8187
13,5,4,0,0,0,0,0,0,0,187,G99198RV,2914.0616
8,2,1,0,0,0,0,0,0,0,249,G51895WL,1542.5441
9,2,1,0,0,0,0,0,0,0,425,G83400DU,1704.5969
2,0,1,1,0,0,0,0,0,0,595,G83400DU,779.2695
4,1,0,1,0,0,0,0,0,0,115,G40943ZI,998.3438
4,1,0,2,0,0,0,0,0,0,456,G37834XB,1289.4392
12,9,0,0,0,0,0,0,0,0,505,G91255CS,2331.8836
13,10,0,0,0,0,0,0,0,0,503,G20829UZ,2534.963
24,12,1,0,0,0,0,0,0,0,72,G20829UZ,4545.6549
22,11,2,0,0,0,0,0,0,0,729,G20829UZ,4326.5806
20,10,2,0,0,0,0,0,0,0,215,G20829UZ,3961.4484
16,8,1,0,0,0,0,0,0,0,474,G19603RR,3085.1261
22,11,1,0,0,0,0,0,0,0,130,G19603RR,4180.5227
20,10,1,0,0,0,0,0,0,0,351,G19603RR,3815.3905
16,8,2,0,0,0,0,0,0,0,422,G10148VG,3231.184
14,7,2,0,0,0,0,0,0,0,430,G88976TU,2866.0518
18,9,2,0,0,0,0,0,0,0,218,G18639PA,3596.3162
18,9,1,0,0,0,0,0,0,0,344,G39643OJ,3450.2583
17,9,1,0,0,0,0,0,0,0,434,G94309NZ,3288.2055
12,6,2,0,0,0,0,0,0,0,352,G29501UT,2500.9196
8,2,3,0,0,0,0,0,0,0,692,G81165WG,1834.6599
8,3,2,0,0,0,0,0,1,0,510,G81165WG,1861.6709
9,4,1,2,0,0,0,1,0,0,834,G97428EW,2410.8515
11,6,2,0,0,0,0,0,0,0,305,G04672QB,2338.8668
10,6,2,0,0,0,0,0,0,0,253,G11911BT,2176.814
14,7,1,3,1,0,0,0,0,0,269,G13238MZ,3673.2369
11,5,0,2,1,0,0,0,0,0,239,G50911BZ,2667.872
13,7,1,2,1,0,0,0,0,0,298,G65766QU,3220.0887
11,5,1,2,1,0,0,0,0,0,20,G28209TJ,2813.9299
11,5,1,1,2,0,0,0,0,0,299,G57097ZE,2602.7913
12,6,1,2,1,0,0,0,0,0,208,G72755ZH,3017.0093
14,7,1,1,3,0,0,0,0,0,56,G83487DQ,3250.9597
14,7,1,2,2,0,0,0,0,0,418,G62168IR,3462.0983
13,6,0,2,2,0,0,0,0,0,757,G02620FP,3112.961
15,8,1,2,2,0,0,0,0,0,424,G80961YY,3665.1777
13,6,1,3,1,0,0,0,0,0,361,G64160PL,3470.1575
15,8,0,2,2,0,0,0,0,0,131,G03622KA,3519.1198
9,4,1,0,2,0,0,0,0,0,490,G49356OF,1946.5637
11,5,1,0,2,0,0,0,0,0,724,G54330GJ,2311.6959
14,7,0,1,3,0,0,0,0,0,294,G94222SG,3104.9018
13,6,1,2,2,0,0,0,0,0,527,G94788LD,3259.0189
11,5,0,1,2,0,0,0,0,0,49,G69560OI,2456.7334
11,5,0,0,2,0,0,0,0,0,485,G99025FY,2165.638
12,6,1,1,2,0,0,0,0,0,636,G75325GX,2805.8707
11,5,1,0,3,0,0,0,0,0,587,G40843RG,2391.6527
10,4,1,2,0,0,0,0,0,0,405,G14796IU,2530.8937
10,4,3,1,0,0,0,0,0,0,245,G54285KU,2531.9141
2,1,0,1,0,0,0,0,0,1,783,G54285KU,754.2045
11,5,2,1,0,0,0,0,0,0,564,G86795LJ,2588.9356
13,7,1,3,0,0,0,0,0,0,197,G96170OK,3431.2273
11,5,2,2,0,0,0,0,0,0,731,G33791AF,2880.031
13,6,2,0,0,0,0,0,0,0,539,G30769VJ,2662.9724
13,7,1,2,0,0,0,0,0,0,553,G74741QU,3140.1319
13,7,1,1,0,0,0,0,0,0,150,G97268YK,2849.0365
5,2,1,0,1,0,0,0,0,0,646,G97268YK,1136.3425
8,4,3,0,0,0,0,0,1,0,381,G97268YK,2048.7554
5,2,1,0,0,1,0,0,0,0,601,G97268YK,1070.365
5,1,1,0,0,1,0,0,0,0,312,G97268YK,1029.3384
5,2,2,0,1,1,0,0,0,0,190,G97268YK,1296.3797
8,3,1,0,1,1,0,0,0,0,292,G97268YK,1677.5068
5,2,2,0,1,0,0,0,0,0,7,G97268YK,1282.4004
8,3,2,0,1,1,0,0,0,0,261,G97268YK,1823.5647
6,2,1,0,1,1,0,0,0,0,248,G97268YK,1312.3746
6,2,2,0,1,1,0,0,0,0,310,G97268YK,1458.4325
4,1,1,0,0,1,0,0,0,0,758,G97268YK,867.2856
3,2,2,0,1,0,0,0,0,0,568,G97268YK,958.2948
7,3,2,0,1,1,0,0,0,0,116,G97268YK,1661.5119
6,2,1,0,0,1,0,0,0,0,400,G97268YK,1232.4178
7,2,1,0,0,1,0,0,0,0,605,G97268YK,1394.4706
7,2,1,0,0,2,0,0,0,0,19,G97268YK,1408.4499
7,3,1,0,1,1,0,0,0,0,768,G97268YK,1515.454
15,7,2,0,0,0,0,0,0,0,416,G88756OE,3028.1046
13,6,2,4,0,0,0,0,0,0,323,G71560PC,3827.354
15,7,0,4,0,0,0,0,0,0,662,G87108ET,3900.3704
8,3,2,1,1,0,0,0,0,0,373,G58760BD,2100.6808
9,3,1,0,2,1,0,0,0,0,296,G59503RI,1919.5164
10,3,1,0,1,0,0,0,0,0,734,G32179YV,1987.6331
7,3,1,2,1,0,0,0,0,0,145,G83618OQ,2083.6655
8,3,1,1,1,0,0,0,0,0,548,G06213KM,1954.6229
9,3,2,1,1,0,0,0,0,0,417,G59437BE,2262.7336
9,3,1,0,1,1,0,0,0,0,247,G59437BE,1839.5596
9,3,1,0,1,0,0,0,0,0,623,G60360ZD,1825.5803
8,3,1,0,1,0,0,0,0,0,76,G88482EP,1663.5275
9,3,1,1,1,0,0,0,0,0,482,G77382YV,2116.6757
7,3,1,1,1,0,0,0,0,0,391,G07558YH,1792.5701
7,3,2,1,1,0,0,0,0,0,525,G74603KQ,1938.628
10,4,1,0,1,1,0,0,0,0,194,G74603KQ,2042.639
6,2,1,0,0,0,0,0,1,0,4,G74603KQ,1350.4808
7,2,1,0,0,0,0,0,1,0,644,G74603KQ,1512.5336
15,7,0,5,0,0,0,0,0,0,463,G28847IN,4191.4658
13,5,0,1,0,0,0,0,0,0,21,G74081XX,2620.9254
16,7,0,0,0,0,0,0,0,0,576,G56438GL,2898.0416
17,7,0,0,0,0,0,0,0,0,571,G56438GL,3060.0944
16,6,0,0,0,0,0,0,0,0,54,G56438GL,2857.015
16,6,0,1,0,0,0,0,0,0,484,G56438GL,3148.1104
14,6,0,0,0,0,0,0,0,0,104,G85291BI,2532.9094
15,6,0,0,0,0,0,0,0,0,58,G58596DI,2694.9622
19,7,0,1,0,0,0,0,0,0,385,G58596DI,3675.2954
19,7,0,0,0,0,0,0,0,0,15,G58596DI,3384.2
17,7,0,1,0,0,0,0,0,0,394,G58596DI,3351.1898
16,7,0,1,0,0,0,0,0,0,389,G76575JG,3189.137
17,6,0,0,0,0,0,0,0,0,728,G76575JG,3019.0678
15,6,0,2,0,0,0,0,0,0,765,G74458CA,3277.153
18,7,0,0,0,0,0,0,0,0,105,G74458CA,3222.1472
14,5,0,0,0,0,0,0,0,0,327,G94372TX,2491.8828
13,5,0,0,0,0,0,0,0,0,397,G27516OE,2329.83
15,6,0,1,0,0,0,0,0,0,477,G06722UM,2986.0576
10,5,2,1,0,0,0,0,0,0,523,G65019XG,2426.8828
10,5,3,1,0,0,0,0,0,0,606,G92073XL,2572.9407
15,7,2,4,0,0,0,0,0,0,227,G24271GS,4192.4862
9,4,3,1,0,0,0,0,0,0,195,G51413EV,2369.8613
15,7,3,4,0,0,0,0,0,0,767,G44490NG,4338.5441
14,8,0,0,0,0,0,0,0,0,626,G86408JD,2614.9626
12,7,0,0,0,0,0,0,0,0,79,G67093QB,2249.8304
12,8,0,0,0,0,0,0,0,0,579,G65540UB,2290.857
4,1,3,0,0,0,0,0,0,0,382,G65540UB,1145.4221
5,2,3,1,0,0,0,0,0,0,171,G65540UB,1639.5969
5,2,4,1,0,0,0,0,0,0,268,G65540UB,1785.6548
4,1,0,0,0,1,0,0,0,0,561,G65540UB,721.2277
6,1,0,0,0,1,0,0,0,0,563,G65540UB,1045.3333
5,3,0,0,0,2,0,0,0,0,764,G65540UB,979.313
4,1,0,0,0,1,0,0,1,0,120,G65540UB,853.27
7,2,2,0,0,0,1,0,0,0,823,G65540UB,1540.5649
3,2,0,0,0,1,0,0,0,0,124,G65540UB,600.2015
5,1,0,0,0,1,0,0,0,0,618,G65540UB,883.2805
4,2,0,0,0,2,0,0,0,0,251,G65540UB,776.2336
9,6,2,0,1,0,0,0,0,0,596,G28839GC,2094.718
5,2,3,0,0,0,0,0,0,0,319,G28839GC,1348.5015
8,6,2,0,1,0,0,0,0,0,411,G28839GC,1932.6652
6,4,1,0,2,0,0,0,0,0,447,G28839GC,1460.4053
6,4,3,0,2,0,0,0,0,0,609,G28839GC,1752.5211
5,4,1,0,1,0,0,0,0,0,87,G28839GC,1218.3957
5,4,2,0,1,0,0,0,0,0,565,G28839GC,1364.4536
6,4,2,0,2,0,0,0,0,0,517,G28839GC,1606.4632
13,6,1,0,1,0,0,0,0,0,274,G53661HY,2596.8713
12,5,1,0,1,1,0,0,0,0,544,G53661HY,2407.7712
11,5,1,0,1,0,0,0,0,0,845,G10326NC,2231.7391
14,6,1,0,1,1,0,0,0,0,103,G10326NC,2772.9034
1,0,0,0,0,0,0,0,3,0,199,G10326NC,576.1903
1,0,0,0,0,0,1,0,2,0,779,G10326NC,458.1637
2,0,0,0,0,0,0,0,2,0,198,G10326NC,606.2008
0,0,0,0,0,0,0,0,2,0,108,G10326NC,282.0952
1,0,0,0,0,0,1,0,3,0,781,G10326NC,590.206
2,0,0,0,0,0,1,0,2,0,791,G10326NC,620.2165
6,3,2,0,1,0,0,0,0,0,519,G10326NC,1485.4798
0,0,0,1,0,0,0,0,0,0,137,G10326NC,309.106
12,5,4,0,0,0,0,0,0,0,193,G99035ES,2752.0088
9,4,3,2,0,0,0,0,0,0,835,G39064KU,2660.9567
11,5,4,0,0,0,0,0,0,0,95,G95133RI,2589.956
13,6,5,0,0,0,0,0,0,0,665,G52890YB,3101.1461
14,5,4,0,0,0,0,0,0,0,42,G15028ED,3076.1144
14,6,5,0,0,0,0,0,0,0,671,G39124ZN,3263.1989
17,6,5,0,0,0,0,0,0,0,41,G39124ZN,3749.3573
16,6,5,0,0,0,0,0,0,0,700,G39124ZN,3587.3045
11,4,3,0,0,0,0,0,0,0,594,G22040QI,2402.8715
9,0,0,0,0,0,0,0,0,0,134,G17269CN,1476.4858
8,3,2,0,0,0,0,0,0,0,708,G12313PD,1729.6286
6,3,0,3,0,0,0,0,0,0,625,G12313PD,1986.6934
17,6,1,0,0,0,0,0,0,0,479,G12313PD,3165.1257
16,7,1,0,0,0,0,0,0,0,203,G33567AB,3044.0995
12,5,0,0,0,0,0,0,0,0,410,G19116TW,2167.7772
25,12,5,0,0,0,0,0,0,0,23,G19116TW,5291.9393
5,0,1,0,0,1,0,0,0,0,185,G19116TW,988.3118
6,0,0,0,0,1,0,0,0,0,376,G19116TW,1004.3066
5,0,0,0,0,1,0,0,0,0,526,G19116TW,842.2539
3,0,0,0,0,0,0,0,0,1,802,G19116TW,584.1353
2,0,1,0,0,0,0,0,0,1,793,G19116TW,568.1404
2,0,0,0,0,0,0,0,0,1,789,G19116TW,422.0825
14,8,4,0,0,0,0,0,0,0,260,G80743YX,3199.1942
17,10,5,0,0,0,0,0,0,0,629,G56202WQ,3913.4637
18,11,5,0,0,0,0,0,0,0,238,G35994TW,4116.5431
5,2,4,0,0,0,0,0,0,0,140,G14456RI,1494.5594
2,1,2,0,0,0,0,0,0,0,656,G14456RI,675.2586
6,0,0,0,0,0,0,0,0,1,838,G90868XK,1070.2937
1,1,0,0,0,0,0,0,1,0,632,G90868XK,353.1323
11,5,3,0,0,0,0,0,0,0,403,G96577RX,2443.8981
4,1,1,1,0,0,0,0,0,0,374,G86273TY,1144.4017
14,6,1,3,0,0,0,0,0,0,870,G49329XU,3552.2535
19,8,1,2,0,0,0,0,0,0,883,G49329XU,4153.4753
16,6,1,1,0,0,0,0,0,0,880,G49329XU,3294.1683
15,6,1,2,0,0,0,0,0,0,874,G76915KR,3423.2109
11,6,1,1,0,0,0,0,0,0,125,G24954UD,2483.9043
14,7,1,3,0,0,0,0,0,0,375,G42459UQ,3593.2801
14,7,1,2,0,0,0,0,0,0,363,G67506FN,3302.1847
12,6,1,1,0,0,0,0,0,0,675,G31596VW,2645.9571
7,5,1,0,0,0,0,0,0,0,801,G31596VW,1503.5711
5,4,0,0,0,0,0,0,0,0,491,G27785LA,992.381
7,4,2,0,1,0,0,0,0,0,810,G66239FP,1688.5592
13,3,2,0,0,0,0,0,0,0,876,G66239FP,2539.8926
10,3,2,0,0,0,0,0,0,0,859,G41170ZW,2053.7342
9,2,3,0,0,0,0,0,0,0,854,G24216YU,1996.7127
9,2,2,0,0,0,0,0,0,0,905,G86396TU,1850.6548
13,3,3,0,0,0,0,0,0,0,877,G86396TU,2685.9505
11,3,2,0,0,0,0,0,0,0,868,G28430KP,2215.787
16,5,1,0,0,0,0,0,0,0,882,G28430KP,2962.0463
15,6,1,1,0,0,0,0,0,0,727,G31493EX,3132.1155
8,4,1,0,2,0,0,0,0,0,815,G05394QK,1784.5109
8,3,1,0,0,0,0,0,1,0,458,G05394QK,1715.613
9,3,1,0,0,0,0,0,1,0,406,G05394QK,1877.6658
7,2,0,0,0,0,0,0,1,0,356,G05394QK,1366.4757
9,3,2,0,0,0,0,0,1,0,557,G05394QK,2023.7237
5,3,1,0,0,0,0,0,1,0,798,G05394QK,1229.4546
14,7,3,0,0,0,0,0,0,0,620,G03027LH,3012.1097
12,6,3,0,0,0,0,0,0,0,109,G46241DR,2646.9775
11,5,2,3,0,0,0,0,0,0,936,G55412XP,3171.1264
12,7,0,2,0,0,0,0,0,0,943,G78182GT,2832.0212
10,3,0,1,0,0,0,0,0,0,945,G72978AW,2052.7138
11,4,2,0,0,0,0,0,0,0,946,G31615DN,2256.8136
11,5,3,1,0,0,0,0,0,0,18,G20312EM,2734.9935
12,2,1,0,0,0,0,0,0,0,906,G20312EM,2190.7553
12,7,0,1,0,0,0,0,0,0,942,G20631AT,2540.9258
10,6,1,2,0,0,0,0,0,0,929,G53046BR,2612.9469
10,2,1,0,0,0,0,0,0,0,947,G52096TR,1866.6497
12,7,1,2,0,0,0,0,0,0,935,G63651JH,2978.0791
16,9,1,1,0,0,0,0,0,0,938,G15508AW,3417.2481
16,9,1,2,0,0,0,0,0,0,939,G22769FQ,3708.3435
10,5,1,3,0,0,0,0,0,0,933,G53959KE,2863.0157
13,6,3,0,0,0,0,0,0,0,971,G22276PO,2809.0303
13,6,4,0,0,0,0,0,0,0,963,G79286RS,2955.0882
13,6,6,0,0,0,0,0,0,0,961,G86171ZO,3247.204
12,7,1,0,0,0,0,0,0,0,941,G54845IR,2395.8883
11,7,0,1,0,0,0,0,0,0,931,G00420UH,2378.873
7,4,2,1,0,0,0,0,0,0,925,G84618NL,1899.6978
10,4,2,1,0,0,0,0,0,0,944,G47748JZ,2385.8562
3,1,1,2,0,0,0,0,0,0,924,G26782IQ,1273.4443
10,5,3,2,0,0,0,0,0,0,973,G34105RF,2864.0361
10,5,2,3,0,0,0,0,0,0,934,G50006QM,3009.0736
11,4,1,1,0,0,0,0,0,0,937,G54982TL,2401.8511
13,6,2,2,0,0,0,0,0,0,964,G31665QC,3245.1632
7,3,3,0,0,0,0,0,0,0,985,G62894KT,1713.6337
15,7,0,1,0,0,0,0,0,0,1006,G76417NN,3027.0842
9,4,4,0,0,0,0,0,0,0,988,G83229XP,2224.8238
9,3,2,0,0,0,0,0,0,0,989,G20210JR,1891.6814
8,3,3,0,0,0,0,0,0,0,987,G92062TF,1875.6865
9,3,3,0,0,0,0,0,0,0,990,G23984SE,2037.7393
11,4,1,2,0,0,0,0,0,0,1000,G23221TW,2692.9465
22,11,0,1,0,0,0,0,0,0,984,G23221TW,4325.5602
11,5,7,0,0,0,0,0,0,0,993,G18183SM,3028.1297
13,6,4,1,0,0,0,0,0,0,1003,G50427EO,3246.1836
13,9,0,0,0,0,0,0,0,0,986,G24084IV,2493.9364
11,4,1,3,0,0,0,0,0,0,1001,G19385TO,2984.0419
13,6,4,2,0,0,0,0,0,0,1004,G71051TA,3537.279
12,6,4,0,0,0,0,0,0,0,997,G69108CV,2793.0354
17,8,0,1,0,0,0,0,0,0,1007,G94831VI,3392.2164
17,8,1,1,0,0,0,0,0,0,1008,G23165GD,3538.2743
17,8,3,0,0,0,0,0,0,0,1009,G49204YH,3539.2947
13,6,5,4,0,0,0,0,0,0,1005,G03461SC,4265.5277
12,6,2,3,0,0,0,0,0,0,995,G10019LZ,3374.2058
12,6,4,3,0,0,0,0,0,0,999,G88619MM,3666.3216
13,6,2,1,0,0,0,0,0,0,1083,G74728JK,2954.0678
12,6,2,2,0,0,0,0,0,0,994,G38663NM,3083.1104
12,6,3,2,0,0,0,0,0,0,996,G43089EG,3229.1683
12,6,4,2,0,0,0,0,0,0,998,G29511JR,3375.2262
10,4,2,2,0,0,0,0,0,0,1079,G52131KU,2676.9516
10,5,2,2,0,0,0,0,0,0,1078,G08796TW,2717.9782
13,6,3,2,0,0,0,0,0,0,1085,G31433PN,3391.2211
13,6,2,3,0,0,0,0,0,0,1024,G89205CJ,3536.2586
11,5,3,2,0,0,0,0,0,0,1022,G23010ZW,3026.0889
11,5,3,3,0,0,0,0,0,0,1023,G89865VY,3317.1843
13,6,3,1,0,0,0,0,0,0,1084,G25541YH,3100.1257
11,5,4,1,0,0,0,0,0,0,1080,G90386IR,2881.0514
11,3,1,1,0,0,0,0,0,0,1088,G06906LK,2360.8245
13,6,3,3,0,0,0,0,0,0,1086,G58804QW,3682.3165
11,3,3,1,0,0,0,0,0,0,1089,G91116OD,2652.9403
7,3,3,1,0,0,0,0,0,0,1077,G21070BH,2004.7291
11,5,5,1,0,0,0,0,0,0,1082,G44331JI,3027.1093
11,3,0,1,0,0,0,0,0,0,1076,G14110OQ,2214.7666
11,5,4,2,0,0,0,0,0,0,1081,G18589KA,3172.1468
13,6,3,4,0,0,0,0,0,0,1087,G97968CT,3973.4119
14,7,1,4,0,0,0,0,0,0,1070,G78726CB,3884.3755
17,10,0,0,0,0,0,0,0,0,1055,G61011OB,3183.1742
15,8,0,0,0,0,0,0,0,0,1059,G30799SW,2777.0154
11,7,2,0,0,0,0,0,0,0,1035,G50120TH,2379.8934
15,9,0,0,0,0,0,0,0,0,1053,G39368QD,2818.042
15,9,1,0,0,0,0,0,0,0,1054,G79896BV,2964.0999
16,8,0,0,0,0,0,0,0,0,1063,G28135GF,2939.0682
10,3,1,1,0,0,0,0,0,0,1074,G83676GD,2198.7717
4,0,1,0,0,0,0,0,0,0,1073,G86056PA,812.2797
11,3,0,0,0,0,0,0,0,0,1093,G63776KU,1923.6712
12,6,2,1,0,0,0,0,0,0,1092,G64130AC,2792.015
11,6,2,1,0,0,0,0,0,0,1091,G53844ZR,2629.9622
7,3,2,1,0,0,0,0,0,0,1090,G70961NC,1858.6712
11,11,0,0,0,0,0,0,0,0,1097,G70961NC,2251.884
6,3,1,4,0,0,0,0,0,0,1102,G70961NC,2423.8467
17,6,0,2,0,0,0,0,0,0,1098,G70961NC,3601.2586
7,3,0,3,0,0,0,0,0,0,1100,G70961NC,2148.7462
14,8,2,0,0,0,0,0,0,0,1101,G70961NC,2907.0784
10,6,1,1,0,0,0,0,0,0,723,G20732FY,2321.8515
6,2,0,2,0,0,0,0,0,0,1129,G20732FY,1654.5714
6,2,3,0,0,0,0,0,0,0,1127,G20732FY,1510.5543
8,3,3,1,0,0,0,0,0,0,1131,G20732FY,2166.7819
8,3,1,2,0,0,0,0,0,0,1130,G20732FY,2165.7615
8,3,4,0,0,0,0,0,0,0,1132,G20732FY,2021.7444
8,3,5,0,0,0,0,0,0,0,1133,G20732FY,2167.8023
12,5,2,1,0,0,0,0,0,0,1135,G20732FY,2750.9884
12,5,3,0,0,0,0,0,0,0,1136,G20732FY,2605.9509
12,5,2,0,0,0,0,0,0,0,1137,G20732FY,2459.893
10,4,4,0,0,0,0,0,0,0,1134,G20732FY,2386.8766
7,2,2,0,0,0,0,0,0,0,1104,G20732FY,1526.5492
11,7,3,0,0,0,0,0,0,0,1140,G20732FY,2525.9513
9,4,5,0,0,0,0,0,0,0,1141,G20732FY,2370.8817
10,6,4,0,0,0,0,0,0,0,1139,G20732FY,2468.9298
13,4,1,0,0,0,0,0,0,0,1142,G20732FY,2434.8613
7,2,3,0,0,0,0,0,0,0,1149,G20732FY,1672.6071
14,6,2,0,0,0,0,0,0,0,1150,G20732FY,2825.0252
14,6,3,0,0,0,0,0,0,0,1151,G20732FY,2971.0831
7,0,0,0,0,0,0,0,0,0,1148,G20732FY,1152.3802
8,0,0,0,0,0,0,0,0,0,1147,G20732FY,1314.433
17,8,1,1,0,0,0,1,0,0,1269,G20732FY,3580.2849
19,9,1,2,0,0,0,0,0,0,1223,G20732FY,4194.5019
15,7,1,4,0,0,0,4,0,0,1264,G20732FY,4214.4707
17,8,1,2,0,0,0,0,0,0,1270,G20732FY,3829.3697
17,9,1,3,0,0,0,0,0,0,1268,G20732FY,4161.4917
13,6,1,3,0,0,0,3,0,0,1246,G20732FY,3516.2325
13,6,1,4,0,0,0,2,0,0,1248,G20732FY,3765.3173
17,8,1,3,0,0,0,1,0,0,1271,G20732FY,4162.4757
13,6,1,3,0,0,0,4,0,0,1247,G20732FY,3558.2431
17,8,1,3,0,0,0,2,0,0,1272,G20732FY,4204.4863
11,5,1,1,0,0,0,2,0,0,1233,G20732FY,2526.8989
13,6,1,3,0,0,0,1,0,0,1244,G20732FY,3432.2113
13,6,1,1,0,0,0,1,0,0,1241,G20732FY,2850.0205
13,6,1,2,0,0,0,2,0,0,1243,G20732FY,3183.1265
19,9,1,1,0,0,0,0,0,0,1222,G20732FY,3903.4065
13,6,1,2,0,0,0,1,0,0,1242,G20732FY,3141.1159
15,7,1,3,0,0,0,2,0,0,1259,G20732FY,3839.3541
11,5,1,3,0,0,0,2,0,0,1236,G20732FY,3109.0897
15,7,1,2,0,0,0,1,0,0,1256,G20732FY,3506.2481
17,8,1,4,0,0,0,1,0,0,1273,G20732FY,4453.5711
11,5,1,2,0,0,0,2,0,0,1235,G20732FY,2817.9943
15,7,1,1,0,0,0,1,0,0,1255,G20732FY,3215.1527
15,7,1,4,0,0,0,5,0,0,1265,G20732FY,4256.4813
11,5,1,1,0,0,0,1,0,0,1232,G20732FY,2484.8883
15,7,1,4,0,0,0,3,0,0,1263,G20732FY,4172.4601
11,5,1,2,0,0,0,1,0,0,1234,G20732FY,2775.9837
15,7,1,4,0,0,0,1,0,0,1261,G20732FY,4088.4389
13,6,1,3,0,0,0,2,0,0,1245,G20732FY,3474.2219
15,7,1,3,0,0,0,1,0,0,1258,G20732FY,3797.3435
15,7,1,4,0,0,0,2,0,0,1262,G20732FY,4130.4495
15,7,1,3,0,0,0,3,0,0,1260,G20732FY,3881.3647
17,8,1,4,0,0,0,2,0,0,1274,G20732FY,4495.5817
2,1,0,2,0,0,0,4,0,0,1287,G20732FY,1133.376
1,1,0,1,0,0,0,2,0,0,1292,G20732FY,596.2066
1,1,0,1,0,0,0,1,0,0,1291,G20732FY,554.196
2,1,0,2,0,0,0,3,0,0,1286,G20732FY,1091.3654
2,1,0,1,0,0,0,2,0,0,1280,G20732FY,758.2594
13,6,1,5,0,0,0,1,0,0,1254,G20732FY,4014.4021
9,4,1,1,0,0,0,2,0,0,1227,G20732FY,2161.7667
11,5,1,4,0,0,0,2,0,0,1240,G20732FY,3400.1851
15,7,1,2,0,0,0,2,0,0,1257,G20732FY,3548.2587
9,4,1,2,0,0,0,2,0,0,1228,G20732FY,2452.8621
6,2,0,0,0,0,0,0,0,1,1225,G20732FY,1152.3469
9,4,1,3,0,0,0,1,0,0,1230,G20732FY,2701.9469
7,2,1,0,0,0,0,0,0,1,1226,G20732FY,1460.4576
13,6,1,4,0,0,0,4,0,0,1250,G20732FY,3849.3385
13,6,1,5,0,0,0,0,0,0,1253,G20732FY,3972.3915
11,5,1,4,0,0,0,0,0,0,1238,G20732FY,3316.1639
9,4,1,2,0,0,0,3,0,0,1229,G20732FY,2494.8727
13,6,1,4,0,0,0,5,0,0,1251,G20732FY,3891.3491
9,4,1,3,0,0,0,2,0,0,1231,G20732FY,2743.9575
15,7,1,5,0,0,0,0,0,0,1266,G20732FY,4337.5237
11,5,1,3,0,0,0,3,0,0,1237,G20732FY,3151.1003
6,2,1,0,0,0,0,0,0,1,1224,G20732FY,1298.4048
13,6,1,4,0,0,0,3,0,0,1249,G20732FY,3807.3279
11,5,1,4,0,0,0,1,0,0,1239,G20732FY,3358.1745
13,6,1,4,0,0,0,6,0,0,1252,G20732FY,3933.3597
15,7,2,3,0,0,0,0,0,0,1267,G20732FY,3901.3908
2,1,0,3,0,0,0,1,0,0,1299,G20732FY,1298.4396
4,2,0,2,0,0,0,2,0,0,1303,G20732FY,1414.487
2,1,0,3,0,0,0,2,0,0,1300,G20732FY,1340.4502
4,2,0,2,0,0,0,1,0,0,1302,G20732FY,1372.4764
2,1,0,3,0,0,0,3,0,0,1301,G20732FY,1382.4608
4,2,1,2,0,0,0,2,0,0,1305,G20732FY,1560.5449
4,2,1,2,0,0,0,1,0,0,1304,G20732FY,1518.5343
8,4,0,3,0,0,0,0,0,0,1308,G20732FY,2351.8256
4,2,0,3,0,0,0,1,0,0,1306,G20732FY,1663.5718
4,2,0,3,0,0,0,2,0,0,1307,G20732FY,1705.5824
14,7,0,0,0,0,0,0,0,0,1105,G20732FY,2573.936
5,2,0,0,0,2,0,0,0,0,1309,G20732FY,938.2863
5,2,0,0,0,1,0,0,0,0,1310,G20732FY,924.307
2,1,1,0,0,1,0,0,0,0,1314,G20732FY,543.1799
8,5,0,1,0,0,0,0,0,0,926,G15363AF,1810.6614
9,3,1,2,0,0,0,0,0,0,1311,G15363AF,2327.8143
9,3,0,2,0,0,0,0,0,0,1312,G15363AF,2181.7564
13,7,2,1,0,0,0,0,0,0,1325,G15363AF,2995.0944
12,6,3,1,0,0,0,0,0,0,1331,G15363AF,2938.0729
14,7,3,1,0,0,0,0,0,0,1320,G15363AF,3303.2051
12,7,2,1,0,0,0,0,0,0,1318,G15363AF,2833.0416
13,7,3,2,0,0,0,0,0,0,1317,G15363AF,3432.2477
14,7,3,2,0,0,0,0,0,0,1329,G15363AF,3594.3005
13,7,3,1,0,0,0,0,0,0,1319,G15363AF,3141.1523
12,7,2,2,0,0,0,0,0,0,1332,G15363AF,3124.137
11,6,3,1,0,0,0,0,0,0,1316,G15363AF,2776.0201
13,7,2,2,0,0,0,0,0,0,1322,G15363AF,3286.1898
14,7,4,2,0,0,0,0,0,0,1333,G15363AF,3740.3584
13,7,2,3,0,0,0,0,0,0,1327,G15363AF,3577.2852
13,4,3,2,0,0,0,0,0,0,1315,G15363AF,3309.1679
11,6,2,2,0,0,0,0,0,0,1330,G15363AF,2921.0576
14,7,2,3,0,0,0,0,0,0,1324,G15363AF,3739.338
14,7,4,1,0,0,0,0,0,0,1326,G15363AF,3449.263
14,7,3,3,0,0,0,0,0,0,1323,G15363AF,3885.3959
11,6,2,3,0,0,0,0,0,0,1321,G15363AF,3212.153
12,7,1,3,0,0,0,0,0,0,1328,G15363AF,3269.1745
4,3,0,1,1,0,0,0,0,0,1334,G15363AF,1160.3538
14,7,1,1,0,0,0,0,0,0,1335,G15363AF,3011.0893
7,3,2,0,2,0,0,0,0,0,1336,G15363AF,1727.4894
14,7,0,2,0,0,0,0,0,0,1345,G15363AF,3156.1268
14,7,2,1,0,0,0,0,0,0,1342,G15363AF,3157.1472
12,6,6,0,0,0,0,0,0,0,1338,G15363AF,3085.1512
14,7,0,1,0,0,0,0,0,0,1344,G15363AF,2865.0314
14,7,2,2,0,0,0,0,0,0,1343,G15363AF,3448.2426
13,6,5,3,0,0,0,0,0,0,1341,G15363AF,3974.4323
13,8,2,2,0,0,0,0,0,0,1337,G15363AF,3327.2164
13,6,4,3,0,0,0,0,0,0,1339,G15363AF,3828.3744
13,6,5,1,0,0,0,0,0,0,1340,G15363AF,3392.2415
11,4,0,1,0,0,0,0,0,1,1347,G15363AF,2335.7595
15,7,0,3,0,0,0,0,0,0,1349,G15363AF,3609.275
17,8,0,4,0,0,0,0,0,0,1351,G15363AF,4265.5026
17,8,0,5,0,0,0,0,0,0,1352,G15363AF,4556.598
17,8,1,5,0,0,0,0,0,0,1350,G15363AF,4702.6559
13,6,0,6,0,0,0,0,0,0,1348,G15363AF,4117.429
9,6,0,2,0,0,0,0,0,0,1346,G15363AF,2304.8362
6,2,0,3,0,0,0,0,0,0,1128,G15363AF,1945.6668
4,1,1,2,0,0,0,0,0,0,1126,G15363AF,1435.4971
2,0,0,1,1,0,0,0,0,0,1138,G15363AF,713.1684
5,1,1,1,0,0,0,0,0,0,1353,G15363AF,1306.4545
6,2,3,0,1,0,0,0,0,0,1396,G15363AF,1590.5111
6,2,2,0,1,0,0,0,0,0,1412,G15363AF,1444.4532
9,4,0,2,1,0,0,0,0,0,1354,G15363AF,2302.7398
8,2,0,0,1,0,0,0,0,0,962,G62067NB,1476.443
9,3,0,0,1,0,0,0,0,0,975,G65059GX,1679.5224
10,6,2,1,0,0,0,0,0,0,967,G24164CX,2467.9094
8,4,0,2,1,0,0,0,0,0,1370,G24164CX,2140.687
6,3,0,0,2,0,0,0,0,0,1361,G24164CX,1273.3208
6,3,1,1,1,0,0,0,0,0,1358,G24164CX,1630.5173
7,4,2,2,0,0,0,0,0,0,1363,G24164CX,2190.7932
7,4,1,2,0,0,0,0,0,0,1362,G24164CX,2044.7353
5,2,2,2,0,0,0,0,0,0,1357,G24164CX,1784.6344
8,4,1,3,0,0,0,0,0,0,1366,G24164CX,2497.8835
8,4,3,3,0,0,0,0,0,0,1368,G24164CX,2789.9993
6,3,2,1,1,0,0,0,0,0,1360,G24164CX,1776.5752
4,2,0,3,0,0,0,0,0,0,1355,G24164CX,1621.5612
8,4,1,2,0,0,0,0,0,0,1365,G24164CX,2206.7881
8,4,2,2,0,0,0,0,0,0,1367,G24164CX,2352.846
8,4,0,1,1,0,0,0,0,0,1369,G24164CX,1849.5916
7,4,0,2,2,0,0,0,0,0,1364,G24164CX,2058.591
8,4,0,4,0,0,0,0,0,0,1371,G24164CX,2642.921
6,4,0,2,0,0,0,0,0,0,1356,G24164CX,1736.6246
6,3,1,0,2,0,0,0,0,0,1359,G24164CX,1419.3787
10,2,0,0,0,0,0,0,0,1,1399,G24164CX,1800.5581
7,4,0,0,0,0,0,0,0,1,1397,G24164CX,1396.4529
11,3,0,0,0,0,0,0,0,1,1400,G24164CX,2003.6375
11,5,4,3,0,0,0,0,0,0,1398,G24164CX,3463.2422
5,4,0,2,0,0,0,0,0,0,1406,G24164CX,1574.5718
2,1,0,2,1,0,0,0,0,0,1404,G24164CX,1045.2904
4,2,0,0,2,0,0,0,0,0,1407,G24164CX,908.1886
21,10,1,4,0,0,0,0,0,0,1402,G24164CX,5141.8249
15,7,0,2,0,0,0,0,0,0,1408,G24164CX,3318.1796
17,8,2,4,0,0,0,0,0,0,1409,G24164CX,4557.6184
19,9,2,4,0,0,0,0,0,0,1401,G24164CX,4922.7506
23,11,1,4,0,0,0,0,0,0,1403,G24164CX,5506.9571
17,8,0,2,0,0,0,0,0,0,1410,G24164CX,3683.3118
13,7,4,0,0,0,0,0,0,0,1433,G24164CX,2996.1148
12,7,2,0,0,0,0,0,0,0,1430,G24164CX,2541.9462
15,7,5,1,0,0,0,0,0,0,1435,G24164CX,3757.3737
10,6,2,0,1,0,0,0,0,0,1419,G24164CX,2256.7708
10,6,1,0,1,0,0,0,0,0,1418,G24164CX,2110.7129
11,5,2,0,1,1,0,0,0,0,1424,G24164CX,2391.7762
9,4,0,1,0,0,0,1,0,0,825,G30208WJ,1973.6982
12,6,1,0,1,1,0,0,0,0,1427,G30208WJ,2448.7977
9,4,0,1,0,0,0,2,0,0,826,G17720FO,2015.7088
11,6,1,0,1,1,0,0,0,0,1417,G17720FO,2286.7449
10,5,1,0,0,1,0,0,0,0,1415,G17720FO,2003.7087
10,5,2,0,1,0,0,0,0,0,1425,G17720FO,2215.7442
9,4,0,2,0,0,0,4,0,0,829,G18588YS,2390.8254
9,4,0,2,0,0,0,3,0,0,828,G56199WZ,2348.8148
10,5,3,0,1,0,0,0,0,0,1426,G56199WZ,2361.8021
2,1,0,4,0,0,0,0,0,0,1413,G56199WZ,1547.5244
9,4,2,1,1,0,0,0,0,0,1422,G56199WZ,2303.7602
13,7,3,0,0,0,0,0,0,0,1432,G56199WZ,2850.0569
9,4,0,3,0,0,0,3,0,0,831,G03583HV,2639.9102
3,1,0,2,0,0,0,0,0,0,1118,G03583HV,1127.3864
9,4,0,3,0,0,0,2,0,0,830,G54496BL,2597.8996
9,4,0,3,0,0,0,4,0,0,832,G38173YA,2681.9208
9,4,3,0,1,0,0,0,0,0,1423,G38173YA,2158.7227
9,3,2,1,0,0,0,0,0,0,1431,G38173YA,2182.7768
14,7,5,0,0,0,0,0,0,0,1434,G38173YA,3304.2255
12,7,1,1,0,0,0,0,0,0,1429,G38173YA,2686.9837
9,4,1,0,1,1,0,0,0,0,1414,G38173YA,1880.5861
11,7,1,1,0,0,0,0,0,0,930,G10441JJ,2524.9309
12,6,2,0,1,1,0,0,0,0,1428,G10441JJ,2594.8556
9,4,1,4,0,0,0,0,0,0,1421,G10441JJ,2951.0317
